stage,mae_mean,mae_std,rmse_mean,r2_mean
T1,0.7284593455574069,0.5709458408069806,0.7284593455574069,0.0
T2,0.8484820109133665,0.4626671177270468,0.8484820109133665,0.0
T3,0.8151759777856938,0.60246840868369,0.8151759777856938,0.0
T4,1.1526707906543465,0.4430544848303123,1.1526707906543465,0.0
