variant,rmse_mean,mae_mean,r2_mean
-attention,0.8209388225767313,0.8209388225767313,0.0
-behavior branch,1.0878881997384013,1.0878881997384013,0.0
single branch,1.1172748383271014,1.1172748383271014,0.0
Full model,1.1526707906543465,1.1526707906543465,0.0
-performance branch,1.167359956723142,1.167359956723142,0.0
