model,mae_mean,mae_std
LinearRegression,0.7376939376740423,0.20102009566559217
Ridge,0.7290391266502354,0.20925064974197508
RandomForest,5.595999999999998,5.139336922210879
