source1,source2,source3
0.5414333052139132,7.208452836964965e-06,0.4585594863332499
