source1_weight,source2_weight,source3_weight,prediction
0.7508365339217953,0.24914771217602963,1.5753902175124242e-05,88.86786821835899
0.7508365339217953,0.24914771217602963,1.5753902175124242e-05,71.31473292668598
0.7508365339217953,0.24914771217602963,1.5753902175124242e-05,93.66048660550102
0.7508365339217953,0.24914771217602963,1.5753902175124242e-05,62.167372985543736
0.7508365339217953,0.24914771217602963,1.5753902175124242e-05,81.66640227136142
