intervention,delta_pred
提高出勤,2.910302868031067e-06
减少延迟,4.226657367212283e-06
