,LSTM,XGB,CAT
LSTM,1.0,-0.13602216996521022,-0.10516147097130409
XGB,-0.13602216996521022,1.0,0.9068200329468832
CAT,-0.1051614709713041,0.9068200329468831,1.0
