Module,delta_rmse
AAA,0.4753654797931297
BBB,0.40178798136087135
CCC,0.013281643212478933
DDD,-0.0494006976748933
