mean_rmse,std_rmse,mean_mae,mean_r2
6.658527502461115,0.502936983592492,5.450471639633179,0.040333911776542664
