,RMSE,RMSE,MAE,MAE,R2,R2
,mean,std,mean,std,mean,std
Model,,,,,,
CatBoost,16.54178161725879,7.810351340868782,12.877097329049988,7.114104252301249,-3034644462215867.5,8028914564522532.0
LSTM,16.700693811689103,7.718229591184696,12.734019756317139,7.082635859662448,-3020861259457681.5,7992447637754394.0
XGBoost,16.57383360181536,7.433528095215283,12.73087739944458,6.783944921496051,-2858679919743560.5,7563356145575546.0
