Module,RMSE,MAE,R2
AAA,7.252962230744448,5.867585182189941,-0.1507960557937622
BBB,6.891188271957207,5.728496551513672,-0.1972670555114746
CCC,6.176753412177287,5.096568584442139,0.21432870626449585
DDD,6.313206094965518,5.109236240386963,0.2950700521469116
