module_a,module_b,spearman_rank_corr
AAA,BBB,-0.23636363636363633
AAA,CCC,-0.05454545454545454
AAA,DDD,-0.3939393939393939
BBB,CCC,-0.0303030303030303
BBB,DDD,0.9151515151515152
CCC,DDD,-0.07878787878787878
