Comparison,t_stat,paired_t_p,wilcoxon_stat,wilcoxon_p,cohen_d
HAFM vs LSTM,-45.849056243896484,0.0,0.0,1.629558120386232e-11,-5.9190874099731445
HAFM vs XGBoost,2.7216761112213135,0.00852466095238924,574.0,0.012062638066709042,0.35136687755584717
HAFM vs CatBoost,2.7268946867612875,0.00840610680514325,546.0,0.00659898477038669,0.35204059028959855
