Model,Mean Weight,Std Weight
LSTM,0.06371287,0.022291685
XGB,0.5678355,0.10757052
CAT,0.36845157,0.099836
